Produto;Código de Negociação;CNPJ da Empresa;Código ISIN / Distribuição
ALFA3 - ALFA TECNOLOGIA S.A.;ALFA3;11111111000111;BRALFAACNOR1 - 101
BETA4 - BETA ENERGIA S.A.;BETA4;22222222000122;BRBETAACNPR2 - 202
GAMA3 - GAMA LOGÍSTICA S.A.;GAMA3;33333333000133;BRGAMAACNOR3 - 303
OMEG4 - ÔMEGA SERVIÇOS S.A.;OMEG4;44444444000144;BROMEGACNPR4 - 404
ZETA3 - ZETA PARTICIPAÇÕES S.A.;ZETA3;55555555000155;BRZETAACNOR5 - 505
DELT3 - DELTA ALIMENTOS S.A.;DELT3;66666666000166;BRDELTACNOR6 - 606
NOVA3 - NOVA EDUCAÇÃO S.A.;NOVA3;77777777000177;BRNOVAACNOR7 - 707
LUNA3 - LUNA SAÚDE S.A.;LUNA3;88888888000188;BRLUNAACNOR8 - 808
ORIO4 - ORION MINERAÇÃO S.A.;ORIO4;99999999000199;BRORIOACNPR9 - 909
PULS3 - PULSAR DIGITAL S.A.;PULS3;12345678000195;BRPULSACNOR0 - 010
